"model","term","estimate","std_error","lower_95","upper_95","odds_ratio","odds_ratio_lower_95","odds_ratio_upper_95","z","p_value"
"race_neutral_counselling_logistic","(Intercept)",-4.87095696491866,0.245725651687,-5.35257039230281,-4.3893435375345,0.00766602565895077,0.0047359620605183,0.0124088725063097,-19.8227451284702,0.00000000000000000000000000000000000000000000000000000000000000000000000000000000000000189485171215785
"race_neutral_counselling_logistic","maternal_age",-0.0288018137296647,0.00069615545846058,-0.0301662533558884,-0.027437374103441,0.97160900495145,0.970284207132749,0.972935611610537,-41.3726752834125,0
"race_neutral_counselling_logistic","maternal_height_cm",0.0440847960297261,0.00151585700805598,0.0411137708882237,0.0470558211712284,1.04507096900028,1.04197064472795,1.0481805181108,29.0824238667887,0.00000000000000000000000000000000000000000000000000000000000000000000000000000000000000000000000000000000000000000000000000000000000000000000000000000000000000000000000000000000000000000598965673354221
"race_neutral_counselling_logistic","prepregnancy_weight_kg",-0.0196725113028914,0.00159709169613414,-0.0228027535073223,-0.0165422690984605,0.980519729861511,0.977455264382651,0.983593802888679,-12.3177093403653,0.0000000000000000000000000000000000727309256625576
"race_neutral_counselling_logistic","prepregnancy_bmi",0.00803535961493836,0.00422734754042395,-0.000250089314426553,0.0163208085443033,1.00806772976084,0.999749941955299,1.0164547204651,1.90080411844552,0.0573276744408291
"race_neutral_counselling_logistic","total_prior_live_births",0.603037589873341,0.00425381310215248,0.594700269396157,0.611374910350524,1.82766206482627,1.81248760553203,1.84296356731472,141.764006878487,0
"race_neutral_counselling_logistic","previous_preterm_birth_binary",0.164615819299892,0.0140379583698181,0.137101926478576,0.192129712121208,1.17894010566235,1.14694504663251,1.21182769551162,11.7264786632948,0.000000000000000000000000000000093258191093246
"race_neutral_counselling_logistic","prepregnancy_diabetes_binary",-0.552519507874046,0.0331375987616204,-0.617468007980961,-0.487571007767131,0.57549801046895,0.539308234450121,0.614116267650558,-16.6734926042369,0.0000000000000000000000000000000000000000000000000000000000000204300373965483
"race_neutral_counselling_logistic","prepregnancy_hypertension_binary",-0.449847351377709,0.0238196643315565,-0.496533035591393,-0.403161667164024,0.637725492109909,0.608637129340247,0.668204063934902,-18.8855453677299,0.000000000000000000000000000000000000000000000000000000000000000000000000000000149980915046813
"race_neutral_counselling_logistic","gestational_diabetes_binary",-0.0457293519813914,0.0129736953978556,-0.0711573277075813,-0.0203013762552015,0.955300477387204,0.931315358890576,0.979903309211339,-3.52477459806479,0.000423843270518825
"race_neutral_counselling_logistic","gestational_hypertension_binary",-0.369737454522328,0.0145358305795524,-0.398227158943627,-0.341247750101029,0.690915703620423,0.671509470953298,0.7108827651107,-25.4362798533466,0.00000000000000000000000000000000000000000000000000000000000000000000000000000000000000000000000000000000000000000000000000000000000000000000010014103039091
"race_inclusive_counselling_logistic","(Intercept)",-4.76602602726289,0.248193168826145,-5.25247569937101,-4.27957635515478,0.00851414801132983,0.00523454318916801,0.0138485277012976,-19.2028896274797,0.00000000000000000000000000000000000000000000000000000000000000000000000000000000035006433573248
"race_inclusive_counselling_logistic","maternal_age",-0.0327431266046706,0.000712420711456187,-0.0341394455409652,-0.0313468076683761,0.967787126427683,0.966436729948244,0.969139409808349,-45.9603799807332,0
"race_inclusive_counselling_logistic","maternal_height_cm",0.0439873741049661,0.00153354994212236,0.0409816714499128,0.0469930767600194,1.04496916113421,1.04183301008198,1.04811475270458,28.6833658929227,0.00000000000000000000000000000000000000000000000000000000000000000000000000000000000000000000000000000000000000000000000000000000000000000000000000000000000000000000000000000000000061523975440173
"race_inclusive_counselling_logistic","prepregnancy_weight_kg",-0.018260613758269,0.00160380056221274,-0.0214040050985911,-0.0151172224179469,0.981905101031494,0.978823435018494,0.984996469167548,-11.3858382323268,0.00000000000000000000000000000491929165845802
"race_inclusive_counselling_logistic","prepregnancy_bmi",0.00755968241622837,0.00424835399159507,-0.000766938400874942,0.0158863032333317,1.00758832895609,0.99923335562121,1.01601316142752,1.77943797319725,0.0751679855223217
"race_inclusive_counselling_logistic","total_prior_live_births",0.617706548313064,0.00430826886063655,0.609262496510501,0.626150600115627,1.85466956536452,1.83907457459564,1.87039679858862,143.376973047545,0
"race_inclusive_counselling_logistic","previous_preterm_birth_binary",0.18387746959881,0.014101149372948,0.156239724687213,0.211515214510408,1.20186854863824,1.1691064331735,1.23554876375522,13.039892333285,0.00000000000000000000000000000000000000725594395469282
"race_inclusive_counselling_logistic","prepregnancy_diabetes_binary",-0.554554978810802,0.0333049229913659,-0.619831428381759,-0.489278529239845,0.574327792370976,0.538035127402693,0.613068545695234,-16.6508410469698,0.0000000000000000000000000000000000000000000000000000000000000298379210931923
"race_inclusive_counselling_logistic","prepregnancy_hypertension_binary",-0.374617165942933,0.0239511117245866,-0.421560482312818,-0.327673849573048,0.687552446905595,0.656022309447095,0.720598004729888,-15.6409092926729,0.000000000000000000000000000000000000000000000000000000383216692980773
"race_inclusive_counselling_logistic","gestational_diabetes_binary",-0.0588088695977159,0.0130638227495213,-0.0844134916871927,-0.0332042475082391,0.942886966301152,0.919051157503004,0.967340962429161,-4.5016585669666,0.00000674252343182972
"race_inclusive_counselling_logistic","gestational_hypertension_binary",-0.35309417580096,0.0145997777123414,-0.38170921429944,-0.324479137302481,0.702511030722828,0.682693541864999,0.722903789215635,-24.1849008086257,0.00000000000000000000000000000000000000000000000000000000000000000000000000000000000000000000000000000000000000000000000000000000320765826111152
"race_inclusive_counselling_logistic","race_ethnicity_groupMissing",0.127478610647715,0.0380410512468089,0.0529195202699273,0.202037701025503,1.13596057052048,1.05434478832081,1.2238941493061,3.35108012185675,0.000804970084607866
"race_inclusive_counselling_logistic","race_ethnicity_groupNH_AIAN",-0.0375055127786234,0.0444228278468237,-0.124572655449821,0.0495616298925739,0.963189107857862,0.882874113420222,1.05081035154833,-0.844284675166288,0.398510347548422
"race_inclusive_counselling_logistic","race_ethnicity_groupNH_Asian",-0.0702901808723456,0.0142201245882944,-0.098161112921075,-0.0424192488236162,0.932123296306204,0.906502842667128,0.95846785980327,-4.94300738618048,0.000000769265681959766
"race_inclusive_counselling_logistic","race_ethnicity_groupNH_Black",-0.514223310593331,0.0108419351279551,-0.535473112966843,-0.49297350821982,0.597964847267275,0.585392267945909,0.610807450228253,-47.429107859855,0
"race_inclusive_counselling_logistic","race_ethnicity_groupNH_Multiracial",-0.0978201001596431,0.0251048846019313,-0.147024769815463,-0.0486154305038236,0.906812024419217,0.863272594048641,0.952547379935642,-3.89645687326194,0.0000976101791331936
"race_inclusive_counselling_logistic","race_ethnicity_groupNH_NHOPI",-0.0644371910828769,0.0591067187851287,-0.180284231146066,0.0514098489803125,0.93759500173946,0.835032835338242,1.05275427514264,-1.09018386415808,0.275632159736344
"race_inclusive_counselling_logistic","race_ethnicity_groupNH_White",0.0308990459253003,0.00913282616546167,0.0129990355639304,0.0487990562866702,1.03138137647804,1.01308389030469,1.05000933676461,3.38329509020479,0.000716216314537175
